Time,Date,S,H,P,T,L,U,C,X
1293836400.0,2011/01/01,0,0,0,0,0,0,0,0
1294441200.0,2011/01/08,0,0,0,0,0,0,0,0
1295046000.0,2011/01/15,0,0,0,0,0,0,0,0
1295650800.0,2011/01/22,0,0,0,0,0,0,0,0
1296255600.0,2011/01/29,0,0,0,0,0,0,0,0
1296860400.0,2011/02/05,0,0,0,0,0,0,0,0
1297465200.0,2011/02/12,0,0,0,0,0,0,0,0
1298070000.0,2011/02/19,0,0,0,0,0,0,0,0
1298674800.0,2011/02/26,0,0,0,0,0,0,0,0
1299279600.0,2011/03/05,0,0,0,0,0,0,0,0
1299884400.0,2011/03/12,0,0,0,0,0,0,0,0
1300489200.0,2011/03/19,0,0,0,0,0,0,0,0
1301094000.0,2011/03/26,0,0,0,0,0,0,0,0
1301698800.0,2011/04/02,0,0,0,0,0,0,0,0
1302303600.0,2011/04/09,0,0,0,0,0,0,0,0
1302908400.0,2011/04/16,0,0,0,0,0,0,0,0
1303513200.0,2011/04/23,0,0,0,0,0,0,0,0
1304118000.0,2011/04/30,0,0,0,0,0,0,0,0
1304722800.0,2011/05/07,0,0,0,0,0,0,0,0
1305327600.0,2011/05/14,0,0,0,0,0,0,0,0
1305932400.0,2011/05/21,0,0,0,0,0,0,0,0
1306537200.0,2011/05/28,0,0,0,0,0,0,0,0
1307142000.0,2011/06/04,0,0,0,0,0,0,0,0
1307746800.0,2011/06/11,0,0,0,0,0,0,0,0
1308351600.0,2011/06/18,0,0,0,0,0,0,0,0
1308956400.0,2011/06/25,0,0,0,0,0,0,0,0
1309561200.0,2011/07/02,0,0,0,0,0,0,0,0
1310166000.0,2011/07/09,0,0,0,0,0,0,0,0
1310770800.0,2011/07/16,0,0,0,0,0,0,0,0
1311375600.0,2011/07/23,0,0,0,0,0,0,0,0
1311980400.0,2011/07/30,0,0,0,0,0,0,0,0
1312585200.0,2011/08/06,0,0,0,0,0,0,0,0
1313190000.0,2011/08/13,0,0,0,0,0,0,0,0
1313794800.0,2011/08/20,0,0,0,0,0,0,0,0
1314399600.0,2011/08/27,0,0,0,0,0,0,0,0
1315004400.0,2011/09/03,0,0,0,0,0,0,0,0
1315609200.0,2011/09/10,0,0,0,0,0,0,0,0
1316214000.0,2011/09/17,0,0,0,0,0,0,0,0
1316818800.0,2011/09/24,0,0,0,0,0,0,0,0
1317423600.0,2011/10/01,0,0,0,0,0,0,0,0
1318028400.0,2011/10/08,0,0,0,0,0,0,0,0
1318633200.0,2011/10/15,0,0,0,0,0,0,0,0
1319238000.0,2011/10/22,0,0,0,0,0,0,0,0
1319842800.0,2011/10/29,0,0,0,0,0,0,0,0
1320447600.0,2011/11/05,0,0,0,0,0,0,0,0
1321052400.0,2011/11/12,0,0,0,0,0,0,0,0
1321657200.0,2011/11/19,0,0,0,0,0,0,0,0
1322262000.0,2011/11/26,0,0,0,0,0,0,0,0
1322866800.0,2011/12/03,0,0,0,0,0,0,0,0
1323471600.0,2011/12/10,0,0,0,0,0,0,0,0
1324076400.0,2011/12/17,0,0,0,0,0,0,0,0
1324681200.0,2011/12/24,0,0,0,0,0,0,0,0
1325286000.0,2011/12/31,0,0,0,0,0,0,0,0
1325890800.0,2012/01/07,0,0,0,0,0,0,0,0
1326495600.0,2012/01/14,0,0,0,0,0,0,0,0
1327100400.0,2012/01/21,0,0,0,0,0,0,0,0
1327705200.0,2012/01/28,0,0,0,0,0,0,0,0
1328310000.0,2012/02/04,0,0,0,0,0,0,0,0
1328914800.0,2012/02/11,0,0,0,0,0,0,0,0
1329519600.0,2012/02/18,0,0,0,0,0,0,0,0
1330124400.0,2012/02/25,0,0,0,0,0,0,0,0
1330729200.0,2012/03/03,0,0,0,0,0,0,0,0
1331334000.0,2012/03/10,0,0,0,0,0,0,0,0
1331938800.0,2012/03/17,0,0,0,0,0,0,0,0
1332543600.0,2012/03/24,0,0,0,0,0,0,0,0
1333148400.0,2012/03/31,0,0,0,0,0,0,0,0
1333753200.0,2012/04/07,0,0,0,0,0,0,0,0
1334358000.0,2012/04/14,0,0,0,0,0,0,0,0
1334962800.0,2012/04/21,0,0,0,0,0,0,0,0
1335567600.0,2012/04/28,0,0,0,0,0,0,0,0
1336172400.0,2012/05/05,0,0,0,0,0,0,0,0
1336777200.0,2012/05/12,0,0,0,0,0,0,0,0
1337382000.0,2012/05/19,0,0,0,0,0,0,0,0
1337986800.0,2012/05/26,0,0,0,0,0,0,0,0
1338591600.0,2012/06/02,0,0,0,0,0,0,0,0
1339196400.0,2012/06/09,0,0,0,0,0,0,0,0
1339801200.0,2012/06/16,0,0,0,0,0,0,0,0
1340406000.0,2012/06/23,0,0,0,0,0,0,0,0
1341010800.0,2012/06/30,0,0,0,0,0,0,0,0
1341615600.0,2012/07/07,0,0,0,0,0,0,0,0
1342220400.0,2012/07/14,0,0,0,0,0,0,0,0
1342825200.0,2012/07/21,0,0,0,0,0,0,0,0
1343430000.0,2012/07/28,0,0,0,0,0,0,0,0
1344034800.0,2012/08/04,0,0,0,0,0,0,0,0
1344639600.0,2012/08/11,0,0,0,0,0,0,0,0
1345244400.0,2012/08/18,0,0,0,0,0,0,0,0
1345849200.0,2012/08/25,0,0,0,0,0,0,0,0
1346454000.0,2012/09/01,0,0,0,0,0,0,0,0
1347058800.0,2012/09/08,0,0,0,0,0,0,0,0
1347663600.0,2012/09/15,0,0,0,0,0,0,0,0
1348268400.0,2012/09/22,0,0,0,0,0,0,0,0
1348873200.0,2012/09/29,0,0,0,0,0,0,0,0
1349478000.0,2012/10/06,0,0,0,0,0,0,0,0
1350082800.0,2012/10/13,0,0,0,0,0,0,0,0
1350687600.0,2012/10/20,0,0,0,0,0,0,0,0
1351292400.0,2012/10/27,0,0,0,0,0,0,0,0
1351897200.0,2012/11/03,0,0,0,0,0,0,0,0
1352502000.0,2012/11/10,0,0,0,0,0,0,0,0
1353106800.0,2012/11/17,0,0,0,0,0,0,0,0
1353711600.0,2012/11/24,0,0,0,0,0,0,0,0
1354316400.0,2012/12/01,0,0,0,0,0,0,0,0
1354921200.0,2012/12/08,0,0,0,0,0,0,0,0
1355526000.0,2012/12/15,0,0,0,0,0,0,0,0
1356130800.0,2012/12/22,0,0,0,0,0,0,0,0
1356735600.0,2012/12/29,0,0,0,0,0,0,0,0
1357340400.0,2013/01/05,0,0,0,0,0,0,0,0
1357945200.0,2013/01/12,0,0,0,0,0,0,0,0
1358550000.0,2013/01/19,0,0,0,0,0,0,0,0
1359154800.0,2013/01/26,0,0,0,0,0,0,0,0
1359759600.0,2013/02/02,0,0,0,0,0,0,0,0
1360364400.0,2013/02/09,0,0,0,0,0,0,0,0
1360969200.0,2013/02/16,0,0,0,0,0,0,0,0
1361574000.0,2013/02/23,0,0,0,0,0,0,0,0
1362178800.0,2013/03/02,0,0,0,0,0,0,0,0
1362783600.0,2013/03/09,0,0,0,0,0,0,0,0
1363388400.0,2013/03/16,0,0,0,0,0,0,0,0
1363993200.0,2013/03/23,0,0,0,0,0,0,0,0
1364598000.0,2013/03/30,0,0,0,0,0,0,0,0
1365202800.0,2013/04/06,0,0,0,0,0,0,0,0
1365807600.0,2013/04/13,0,0,0,0,0,0,0,0
1366412400.0,2013/04/20,0,0,0,0,0,0,0,0
1367017200.0,2013/04/27,0,0,0,0,0,0,0,0
1367622000.0,2013/05/04,0,0,0,0,0,0,0,0
1368226800.0,2013/05/11,0,0,0,0,0,0,0,0
1368831600.0,2013/05/18,0,0,0,0,0,0,0,0
1369436400.0,2013/05/25,0,0,0,0,0,0,0,0
1370041200.0,2013/06/01,0,0,0,0,0,0,0,0
1370646000.0,2013/06/08,0,0,0,0,0,0,0,0
1371250800.0,2013/06/15,0,0,0,0,0,0,0,0
1371855600.0,2013/06/22,0,0,0,0,0,0,0,0
1372460400.0,2013/06/29,0,0,0,0,0,0,0,0
1373065200.0,2013/07/06,0,0,0,0,0,0,0,0
1373670000.0,2013/07/13,0,0,0,0,0,0,0,0
1374274800.0,2013/07/20,0,0,0,0,0,0,0,0
1374879600.0,2013/07/27,0,0,0,0,0,0,0,0
1375484400.0,2013/08/03,0,0,0,0,0,0,0,0
1376089200.0,2013/08/10,0,0,0,0,0,0,0,0
1376694000.0,2013/08/17,0,0,0,0,0,0,0,0
1377298800.0,2013/08/24,0,0,0,0,0,0,0,0
1377903600.0,2013/08/31,0,0,0,0,0,0,0,0
1378508400.0,2013/09/07,0,0,0,0,0,0,0,0
1379113200.0,2013/09/14,0,0,0,0,0,0,0,0
1379718000.0,2013/09/21,0,0,0,0,0,0,0,0
1380322800.0,2013/09/28,0,0,0,0,0,0,0,0
1380927600.0,2013/10/05,0,0,0,0,0,0,0,0
1381532400.0,2013/10/12,0,0,0,0,0,0,0,0
1382137200.0,2013/10/19,0,0,0,0,0,0,0,0
1382742000.0,2013/10/26,0,0,0,0,0,0,0,0
1383346800.0,2013/11/02,0,0,0,0,0,0,0,0
1383951600.0,2013/11/09,0,0,0,0,0,0,0,0
1384556400.0,2013/11/16,0,0,0,0,0,0,0,0
1385161200.0,2013/11/23,0,0,0,0,0,0,0,0
1385766000.0,2013/11/30,0,0,0,0,0,0,0,0
1386370800.0,2013/12/07,0,0,0,0,0,0,0,0
1386975600.0,2013/12/14,0,0,0,0,0,0,0,0
1387580400.0,2013/12/21,0,0,0,0,0,0,0,0
1388185200.0,2013/12/28,0,0,0,0,0,0,0,0
1388790000.0,2014/01/04,0,0,0,0,0,0,0,0
1389394800.0,2014/01/11,0,0,0,0,0,0,0,0
1389999600.0,2014/01/18,0,0,0,0,0,0,0,0
1390604400.0,2014/01/25,0,0,0,0,0,0,0,0
1391209200.0,2014/02/01,0,0,0,0,0,0,0,0
1391814000.0,2014/02/08,0,0,0,0,0,0,0,0
1392418800.0,2014/02/15,0,0,0,0,0,0,0,0
1393023600.0,2014/02/22,0,0,0,0,0,0,0,0
1393628400.0,2014/03/01,0,0,0,0,0,0,0,0
1394233200.0,2014/03/08,0,0,0,0,0,0,0,0
1394838000.0,2014/03/15,0,0,0,0,0,0,0,0
1395442800.0,2014/03/22,0,0,0,0,0,0,0,0
1396047600.0,2014/03/29,0,0,0,0,0,0,0,0
1396652400.0,2014/04/05,0,0,0,0,0,0,0,0
1397257200.0,2014/04/12,0,0,0,0,0,0,0,0
1397862000.0,2014/04/19,0,0,0,0,0,0,0,0
1398466800.0,2014/04/26,0,0,0,0,0,0,0,0
1399071600.0,2014/05/03,0,0,0,0,0,0,0,0
1399676400.0,2014/05/10,0,0,0,0,0,0,0,0
1400281200.0,2014/05/17,0,0,0,0,0,0,0,0
1400886000.0,2014/05/24,0,0,0,0,0,0,0,0
1401490800.0,2014/05/31,0,0,0,0,0,0,0,0
1402095600.0,2014/06/07,0,0,0,0,0,0,0,0
1402700400.0,2014/06/14,0,0,0,0,0,0,0,0
1403305200.0,2014/06/21,0,0,0,0,0,0,0,0
1403910000.0,2014/06/28,0,0,0,0,0,0,0,0
1404514800.0,2014/07/05,0,0,0,0,0,0,0,0
1405119600.0,2014/07/12,0,0,0,0,0,0,0,0
1405724400.0,2014/07/19,0,0,0,0,0,0,0,0
1406329200.0,2014/07/26,0,0,0,0,0,0,0,0
1406934000.0,2014/08/02,0,0,0,0,0,0,0,0
1407538800.0,2014/08/09,0,0,0,0,0,0,0,0
1408143600.0,2014/08/16,0,0,0,0,0,0,0,0
1408748400.0,2014/08/23,0,0,0,0,0,0,0,0
1409353200.0,2014/08/30,0,0,0,0,0,0,0,0
1409958000.0,2014/09/06,0,0,0,0,0,0,0,0
1410562800.0,2014/09/13,0,0,0,0,0,0,0,0
1411167600.0,2014/09/20,0,0,0,0,0,0,0,0
1411772400.0,2014/09/27,0,0,0,0,0,0,0,0
1412377200.0,2014/10/04,0,0,0,0,0,0,0,0
1412982000.0,2014/10/11,0,0,0,0,0,0,0,0
1413586800.0,2014/10/18,0,0,0,0,0,0,0,0
1414191600.0,2014/10/25,0,0,0,0,0,0,0,0
1414796400.0,2014/11/01,0,0,0,0,0,0,0,0
1415401200.0,2014/11/08,0,0,0,0,0,0,0,0
1416006000.0,2014/11/15,0,0,0,0,0,0,0,0
1416610800.0,2014/11/22,0,0,0,0,0,0,0,0
1417215600.0,2014/11/29,0,0,0,0,0,0,0,0
1417820400.0,2014/12/06,0,0,0,0,0,0,0,0
1418425200.0,2014/12/13,0,0,0,0,0,0,0,0
1419030000.0,2014/12/20,0,0,0,0,0,0,0,0
1419634800.0,2014/12/27,0,0,0,0,0,0,0,0
1420239600.0,2015/01/03,0,0,0,0,0,0,0,0
1420844400.0,2015/01/10,0,0,0,0,0,0,0,0
1421449200.0,2015/01/17,0,0,0,0,0,0,0,0
1422054000.0,2015/01/24,0,0,0,0,0,0,0,0
1422658800.0,2015/01/31,0,0,0,0,0,0,0,0
1423263600.0,2015/02/07,0,0,0,0,0,0,0,0
1423868400.0,2015/02/14,0,0,0,0,0,0,0,0
1424473200.0,2015/02/21,0,0,0,0,0,0,0,0
1425078000.0,2015/02/28,0,0,0,0,0,0,0,0
1425682800.0,2015/03/07,0,0,0,0,0,0,0,0
1426287600.0,2015/03/14,0,0,0,0,0,0,0,0
1426892400.0,2015/03/21,0,0,0,0,0,0,0,0
1427497200.0,2015/03/28,0,0,0,0,0,0,0,0
1428102000.0,2015/04/04,0,0,0,0,0,0,0,0
1428706800.0,2015/04/11,0,0,0,0,0,0,0,0
1429311600.0,2015/04/18,0,0,0,0,0,0,0,0
1429916400.0,2015/04/25,0,0,0,0,0,0,0,0
1430521200.0,2015/05/02,0,0,0,0,0,0,0,0
1431126000.0,2015/05/09,0,0,0,0,0,0,0,0
1431730800.0,2015/05/16,0,0,0,0,0,0,0,0
1432335600.0,2015/05/23,0,0,0,0,0,0,0,0
1432940400.0,2015/05/30,0,0,0,0,0,0,0,0
1433545200.0,2015/06/06,0,0,0,0,0,0,0,0
1434150000.0,2015/06/13,0,0,0,0,0,0,0,0
1434754800.0,2015/06/20,0,0,0,0,0,0,0,0
1435359600.0,2015/06/27,0,0,0,0,0,0,0,0
1435964400.0,2015/07/04,0,0,0,0,0,0,0,0
1436569200.0,2015/07/11,0,0,0,0,0,0,0,0
1437174000.0,2015/07/18,0,0,0,0,0,0,0,0
1437778800.0,2015/07/25,0,0,0,0,0,0,0,0
1438383600.0,2015/08/01,0,0,0,0,0,0,0,0
1438988400.0,2015/08/08,0,0,0,0,0,0,0,0
1439593200.0,2015/08/15,0,0,0,0,0,0,0,0
1440198000.0,2015/08/22,0,0,0,0,0,0,0,0
1440802800.0,2015/08/29,0,0,0,0,0,0,0,0
1441407600.0,2015/09/05,0,0,0,0,0,0,0,0
1442012400.0,2015/09/12,0,0,0,0,0,0,0,0
1442617200.0,2015/09/19,0,0,0,0,0,0,0,0
1443222000.0,2015/09/26,0,0,0,0,0,0,0,0
1443826800.0,2015/10/03,0,0,0,0,0,0,0,0
1444431600.0,2015/10/10,0,0,0,0,0,0,0,0
1445036400.0,2015/10/17,0,0,0,0,0,0,0,0
1445641200.0,2015/10/24,0,0,0,0,0,0,0,0
1446246000.0,2015/10/31,0,0,0,0,0,0,0,0
1446850800.0,2015/11/07,0,0,0,0,0,0,0,0
1447455600.0,2015/11/14,0,0,0,0,0,0,0,0
1448060400.0,2015/11/21,0,0,0,0,0,0,0,0
1448665200.0,2015/11/28,0,0,0,0,0,0,0,0
1449270000.0,2015/12/05,0,0,0,0,0,0,0,0
1449874800.0,2015/12/12,0,0,0,0,0,0,0,0
1450479600.0,2015/12/19,0,0,0,0,0,0,0,0
1451084400.0,2015/12/26,0,0,0,0,0,0,0,0
1451689200.0,2016/01/02,0,0,0,0,0,0,0,0
1452294000.0,2016/01/09,0,0,0,0,0,0,0,0
1452898800.0,2016/01/16,0,0,0,0,0,0,0,0
1453503600.0,2016/01/23,0,0,0,0,0,0,0,0
1454108400.0,2016/01/30,0,0,0,0,0,0,0,0
1454713200.0,2016/02/06,0,0,0,0,0,0,0,0
1455318000.0,2016/02/13,0,0,0,0,0,0,0,0
1455922800.0,2016/02/20,0,0,0,0,0,0,0,0
1456527600.0,2016/02/27,0,0,0,0,0,0,0,0
1457132400.0,2016/03/05,0,0,0,0,0,0,0,0
1457737200.0,2016/03/12,0,0,0,0,0,0,0,0
1458342000.0,2016/03/19,0,0,0,0,0,0,0,0
1458946800.0,2016/03/26,0,0,0,0,0,0,0,0
1459551600.0,2016/04/02,0,0,0,0,0,0,0,0
1460156400.0,2016/04/09,0,0,0,0,0,0,0,0
1460761200.0,2016/04/16,0,0,0,0,0,0,0,0
1461366000.0,2016/04/23,0,0,0,0,0,0,0,0
1461970800.0,2016/04/30,0,0,0,0,0,0,0,0
1462575600.0,2016/05/07,0,0,0,0,0,0,0,0
1463180400.0,2016/05/14,0,0,0,0,0,0,0,0
1463785200.0,2016/05/21,0,0,0,0,0,0,0,0
1464390000.0,2016/05/28,0,0,0,0,0,0,0,0
1464994800.0,2016/06/04,0,0,0,0,0,0,0,0
1465599600.0,2016/06/11,0,0,0,0,0,0,0,0
1466204400.0,2016/06/18,0,0,0,0,0,0,0,0
1466809200.0,2016/06/25,0,0,0,0,0,0,0,0
1467414000.0,2016/07/02,0,0,0,0,0,0,0,0
1468018800.0,2016/07/09,0,0,0,0,0,0,0,0
1468623600.0,2016/07/16,0,0,0,0,0,0,0,0
1469228400.0,2016/07/23,0,0,0,0,0,0,0,0
1469833200.0,2016/07/30,0,0,0,0,0,0,0,0
1470438000.0,2016/08/06,0,0,0,0,0,0,0,0
1471042800.0,2016/08/13,0,0,0,0,0,0,0,0
1471647600.0,2016/08/20,0,0,0,0,0,0,0,0
1472252400.0,2016/08/27,0,0,0,0,0,0,0,0
1472857200.0,2016/09/03,0,0,0,0,0,0,0,0
1473462000.0,2016/09/10,0,0,0,0,0,0,0,0
1474066800.0,2016/09/17,0,0,0,0,0,0,0,0
1474671600.0,2016/09/24,0,0,0,0,0,0,0,0
1475276400.0,2016/10/01,0,0,0,0,0,0,0,0
1475881200.0,2016/10/08,0,0,0,0,0,0,0,0
1476486000.0,2016/10/15,0,0,0,0,0,0,0,0
1477090800.0,2016/10/22,0,0,0,0,0,0,0,0
1477695600.0,2016/10/29,0,0,0,0,0,0,0,0
1478300400.0,2016/11/05,0,0,0,0,0,0,0,0
1478905200.0,2016/11/12,0,0,0,0,0,0,0,0
1479510000.0,2016/11/19,0,0,0,0,0,0,0,0
1480114800.0,2016/11/26,0,0,0,0,0,0,0,0
1480719600.0,2016/12/03,0,0,0,0,0,0,0,0
1481324400.0,2016/12/10,0,0,0,0,0,0,0,0
1481929200.0,2016/12/17,0,0,0,0,0,0,0,0
1482534000.0,2016/12/24,0,0,0,0,0,0,0,0
1483138800.0,2016/12/31,0,0,0,0,0,0,0,0
1483743600.0,2017/01/07,0,0,0,0,0,0,0,0
1484348400.0,2017/01/14,0,0,0,0,0,0,0,0
1484953200.0,2017/01/21,0,0,0,0,0,0,0,0
1485558000.0,2017/01/28,0,0,0,0,0,0,0,0
1486162800.0,2017/02/04,0,0,0,0,0,0,0,0
1486767600.0,2017/02/11,0,0,0,0,0,0,0,0
1487372400.0,2017/02/18,0,0,0,0,0,0,0,0
1487977200.0,2017/02/25,0,0,0,0,0,0,0,0
1488582000.0,2017/03/04,0,0,0,0,0,0,0,0
1489186800.0,2017/03/11,0,0,0,0,0,0,0,0
1489791600.0,2017/03/18,0,0,0,0,0,0,0,0
1490396400.0,2017/03/25,0,0,0,0,0,0,0,0
1491001200.0,2017/04/01,0,0,0,0,0,0,0,0
1491606000.0,2017/04/08,0,0,0,0,0,0,0,0
1492210800.0,2017/04/15,0,0,0,0,0,0,0,0
1492815600.0,2017/04/22,0,0,0,0,0,0,0,0
1493420400.0,2017/04/29,0,0,0,0,0,0,0,0
1494025200.0,2017/05/06,0,0,0,0,0,0,0,0
1494630000.0,2017/05/13,0,0,0,0,0,0,0,0
1495234800.0,2017/05/20,0,0,0,0,0,0,0,0
1495839600.0,2017/05/27,0,0,0,0,0,0,0,0
1496444400.0,2017/06/03,0,0,0,0,0,0,0,0
1497049200.0,2017/06/10,0,0,0,0,0,0,0,0
1497654000.0,2017/06/17,0,0,0,0,0,0,0,0
1498258800.0,2017/06/24,0,0,0,0,0,0,0,0
1498863600.0,2017/07/01,0,0,0,0,0,0,0,0
1499468400.0,2017/07/08,0,0,0,0,0,0,0,0
1500073200.0,2017/07/15,0,0,0,0,0,0,0,0
1500678000.0,2017/07/22,0,0,0,0,0,0,0,0
1501282800.0,2017/07/29,0,0,0,0,0,0,0,0
1501887600.0,2017/08/05,0,0,0,0,0,0,0,0
1502492400.0,2017/08/12,0,0,0,0,0,0,0,0
1503097200.0,2017/08/19,0,0,0,0,0,0,0,0
1503702000.0,2017/08/26,0,0,0,0,0,0,0,0
1504306800.0,2017/09/02,0,0,0,0,0,0,0,0
1504911600.0,2017/09/09,0,0,0,0,0,0,0,0
1505516400.0,2017/09/16,0,0,0,0,0,0,0,0
1506121200.0,2017/09/23,0,0,0,0,0,0,0,0
1506726000.0,2017/09/30,0,0,0,0,0,0,0,0
1507330800.0,2017/10/07,0,0,0,0,0,0,0,0
1507935600.0,2017/10/14,0,0,0,0,0,0,0,0
1508540400.0,2017/10/21,0,0,0,0,0,0,0,0
1509145200.0,2017/10/28,0,0,0,0,0,0,0,0
1509750000.0,2017/11/04,0,0,0,0,0,0,0,0
1510354800.0,2017/11/11,0,0,0,0,0,0,0,0
1510959600.0,2017/11/18,0,0,0,0,0,0,0,0
1511564400.0,2017/11/25,0,0,0,0,0,0,0,0
1512169200.0,2017/12/02,0,0,0,0,0,0,0,0
1512774000.0,2017/12/09,0,0,0,0,0,0,0,0
1513378800.0,2017/12/16,0,0,0,0,0,0,0,0
1513983600.0,2017/12/23,0,0,0,0,0,0,0,0
1514588400.0,2017/12/30,0,0,0,0,0,0,0,0
1515193200.0,2018/01/06,0,0,0,0,0,0,0,0
1515798000.0,2018/01/13,0,0,0,0,0,0,0,0
1516402800.0,2018/01/20,0,0,0,0,0,0,0,0
1517007600.0,2018/01/27,0,0,0,0,0,0,0,0
1517612400.0,2018/02/03,0,0,0,0,0,0,0,0
1518217200.0,2018/02/10,0,0,0,0,0,0,0,0
1518822000.0,2018/02/17,0,0,0,0,0,0,0,0
1519426800.0,2018/02/24,0,0,0,0,0,0,0,0
1520031600.0,2018/03/03,0,0,0,0,0,0,0,0
1520636400.0,2018/03/10,0,0,0,0,0,0,0,0
1521241200.0,2018/03/17,0,0,0,0,0,0,0,0
1521846000.0,2018/03/24,0,0,0,0,0,0,0,0
1522450800.0,2018/03/31,0,0,0,0,0,0,0,0
1523055600.0,2018/04/07,0,0,0,0,0,0,0,0
1523660400.0,2018/04/14,0,0,0,0,0,0,0,0
1524265200.0,2018/04/21,0,0,0,0,0,0,0,0
1524870000.0,2018/04/28,0,0,0,0,0,0,0,0
1525474800.0,2018/05/05,0,0,0,0,0,0,0,0
1526079600.0,2018/05/12,0,0,0,0,0,0,0,0
1526684400.0,2018/05/19,0,0,0,0,0,0,0,0
1527289200.0,2018/05/26,0,0,0,0,0,0,0,0
1527894000.0,2018/06/02,0,0,0,0,0,0,0,0
1528498800.0,2018/06/09,0,0,0,0,0,0,0,0
1529103600.0,2018/06/16,0,0,0,0,0,0,0,0
1529708400.0,2018/06/23,0,0,0,0,0,0,0,0
1530313200.0,2018/06/30,0,0,0,0,0,0,0,0
1530918000.0,2018/07/07,0,0,0,0,0,0,0,0
1531522800.0,2018/07/14,0,0,0,0,0,0,0,0
1532127600.0,2018/07/21,0,0,0,0,0,0,0,0
1532732400.0,2018/07/28,0,0,0,0,0,0,0,0
1533337200.0,2018/08/04,0,0,0,0,0,0,0,0
1533942000.0,2018/08/11,0,0,0,0,0,0,0,0
1534546800.0,2018/08/18,0,0,0,0,0,0,0,0
1535151600.0,2018/08/25,0,0,0,0,0,0,0,0
1535756400.0,2018/09/01,0,0,0,0,0,0,0,0
1536361200.0,2018/09/08,0,0,0,0,0,0,0,0
1536966000.0,2018/09/15,0,0,0,0,0,0,0,0
1537570800.0,2018/09/22,0,0,0,0,0,0,0,0
1538175600.0,2018/09/29,0,0,0,0,0,0,0,0
1538780400.0,2018/10/06,0,0,0,0,0,0,0,0
1539385200.0,2018/10/13,0,0,0,0,0,0,0,0
1539990000.0,2018/10/20,0,0,0,0,0,0,0,0
1540594800.0,2018/10/27,0,0,0,0,0,0,0,0
1541199600.0,2018/11/03,0,0,0,0,0,0,0,0
1541804400.0,2018/11/10,0,0,0,0,0,0,0,0
1542409200.0,2018/11/17,0,0,0,0,0,0,0,0
1543014000.0,2018/11/24,0,0,0,0,0,0,0,0
1543618800.0,2018/12/01,0,0,0,0,0,0,0,0
1544223600.0,2018/12/08,0,0,0,0,0,0,0,0
1544828400.0,2018/12/15,0,0,0,0,0,0,0,0
1545433200.0,2018/12/22,0,0,0,0,0,0,0,0
1546038000.0,2018/12/29,0,0,0,0,0,0,0,0
1546642800.0,2019/01/05,0,0,0,0,0,0,0,0
1547247600.0,2019/01/12,0,0,0,0,0,0,0,0
1547852400.0,2019/01/19,0,0,0,0,0,0,0,0
1548457200.0,2019/01/26,0,0,0,0,0,0,0,0
1549062000.0,2019/02/02,0,0,0,0,0,0,0,0
1549666800.0,2019/02/09,0,0,0,0,0,0,0,0
1550271600.0,2019/02/16,0,0,0,0,0,0,0,0
1550876400.0,2019/02/23,0,0,0,0,0,0,0,0
1551481200.0,2019/03/02,0,0,0,0,0,0,0,0
1552086000.0,2019/03/09,0,0,0,0,0,0,0,0
1552690800.0,2019/03/16,0,0,0,0,0,0,0,0
1553295600.0,2019/03/23,0,0,0,0,0,0,0,0
1553900400.0,2019/03/30,0,0,0,0,0,0,0,0
1554505200.0,2019/04/06,0,0,0,0,0,0,0,0
1555110000.0,2019/04/13,0,0,0,0,0,0,0,0
1555714800.0,2019/04/20,0,0,0,0,0,0,0,0
1556319600.0,2019/04/27,0,0,0,0,0,0,0,0
1556924400.0,2019/05/04,0,0,0,0,0,0,0,0
1557529200.0,2019/05/11,0,0,0,0,0,0,0,0
1558134000.0,2019/05/18,0,0,0,0,0,0,0,0
1558738800.0,2019/05/25,0,0,0,0,0,0,0,0
1559343600.0,2019/06/01,0,0,0,0,0,0,0,0
1559948400.0,2019/06/08,0,0,0,0,0,0,0,0
1560553200.0,2019/06/15,0,0,0,0,0,0,0,0
1561158000.0,2019/06/22,0,0,0,0,0,0,0,0
1561762800.0,2019/06/29,0,0,0,0,0,0,0,0
1562367600.0,2019/07/06,0,0,0,0,0,0,0,0
1562972400.0,2019/07/13,0,0,0,0,0,0,0,0
1563577200.0,2019/07/20,0,0,0,0,0,0,0,0
1564182000.0,2019/07/27,0,0,0,0,0,0,0,0
1564786800.0,2019/08/03,0,0,0,0,0,0,0,0
1565391600.0,2019/08/10,0,0,0,0,0,0,0,0
1565996400.0,2019/08/17,0,0,0,0,0,0,0,0
1566601200.0,2019/08/24,0,0,0,0,0,0,0,0
1567206000.0,2019/08/31,0,0,0,0,0,0,0,0
1567810800.0,2019/09/07,0,0,0,0,0,0,0,0
1568415600.0,2019/09/14,0,0,0,0,0,0,0,0
1569020400.0,2019/09/21,0,0,0,0,0,0,0,0
1569625200.0,2019/09/28,0,0,0,0,0,0,0,0
1570230000.0,2019/10/05,0,0,0,0,0,0,0,0
1570834800.0,2019/10/12,0,0,0,0,0,0,0,0
1571439600.0,2019/10/19,0,0,0,0,0,0,0,0
1572044400.0,2019/10/26,0,0,0,0,0,0,0,0
1572649200.0,2019/11/02,0,0,0,0,0,0,0,0
1573254000.0,2019/11/09,0,0,0,0,0,0,0,0
1573858800.0,2019/11/16,0,0,0,0,0,0,0,0
1574463600.0,2019/11/23,0,0,0,0,0,0,0,0
1575068400.0,2019/11/30,0,0,0,0,0,0,0,0
1575673200.0,2019/12/07,0,0,0,0,0,0,0,0
1576278000.0,2019/12/14,0,0,0,0,0,0,0,0
1576882800.0,2019/12/21,0,0,0,0,0,0,0,0
1577487600.0,2019/12/28,0,0,0,0,0,0,0,0
1578092400.0,2020/01/04,0,0,0,0,0,0,0,0
1578697200.0,2020/01/11,0,0,0,0,0,0,0,0
1579302000.0,2020/01/18,0,0,0,0,0,0,0,0
1579906800.0,2020/01/25,0,0,0,0,0,0,0,0
1580511600.0,2020/02/01,0,0,0,0,0,0,0,0
1581116400.0,2020/02/08,0,0,0,0,0,0,0,0
1581721200.0,2020/02/15,0,0,0,0,0,0,0,0
1582326000.0,2020/02/22,0,0,0,0,0,0,0,0
1582930800.0,2020/02/29,0,0,0,0,0,0,0,0
1583535600.0,2020/03/07,0,0,0,0,0,0,0,0
1584140400.0,2020/03/14,0,0,0,0,0,0,0,0
1584745200.0,2020/03/21,0,0,0,0,0,0,0,0
1585350000.0,2020/03/28,0,0,0,0,0,0,0,0
1585954800.0,2020/04/04,0,0,0,0,0,0,0,0
1586559600.0,2020/04/11,0,0,0,0,0,0,0,0
1587164400.0,2020/04/18,0,0,0,0,0,0,0,0
1587769200.0,2020/04/25,0,0,0,0,0,0,0,0
1588374000.0,2020/05/02,0,0,0,0,0,0,0,0
1588978800.0,2020/05/09,0,0,0,0,0,0,0,0
1589583600.0,2020/05/16,0,0,0,0,0,0,0,0
1590188400.0,2020/05/23,0,0,0,0,0,0,0,0
1590793200.0,2020/05/30,0,0,0,0,0,0,0,0
1591398000.0,2020/06/06,0,0,0,0,0,0,0,0
1592002800.0,2020/06/13,0,0,0,0,0,0,0,0
1592607600.0,2020/06/20,0,0,0,0,0,0,0,0
1593212400.0,2020/06/27,0,0,0,0,0,0,0,0
1593817200.0,2020/07/04,0,0,0,0,0,0,0,0
1594422000.0,2020/07/11,0,0,0,0,0,0,0,0
1595026800.0,2020/07/18,0,0,0,0,0,0,0,0
1595631600.0,2020/07/25,0,0,0,0,0,0,0,0
1596236400.0,2020/08/01,0,0,0,0,0,0,0,0
1596841200.0,2020/08/08,0,0,0,0,0,0,0,0
1597446000.0,2020/08/15,0,0,0,0,0,0,0,0
1598050800.0,2020/08/22,0,0,0,0,0,0,0,0
1598655600.0,2020/08/29,0,0,0,0,0,0,0,0
1599260400.0,2020/09/05,0,0,0,0,0,0,0,0
1599865200.0,2020/09/12,0,0,0,0,0,0,0,0
1600470000.0,2020/09/19,0,0,0,0,0,0,0,0
1601074800.0,2020/09/26,0,0,0,0,0,0,0,0
1601679600.0,2020/10/03,0,0,0,0,0,0,0,0
1602284400.0,2020/10/10,0,0,0,0,0,0,0,0
1602889200.0,2020/10/17,0,0,0,0,0,0,0,0
1603494000.0,2020/10/24,0,0,0,0,0,0,0,0
1604098800.0,2020/10/31,0,0,0,0,0,0,0,0
1604703600.0,2020/11/07,0,0,0,0,0,0,0,0
1605308400.0,2020/11/14,0,0,0,0,0,0,0,0
1605913200.0,2020/11/21,0,0,0,0,0,0,0,0
1606518000.0,2020/11/28,0,0,0,0,0,0,0,0
1607122800.0,2020/12/05,0,0,0,0,0,0,0,0
1607727600.0,2020/12/12,0,0,0,0,0,0,0,0
1608332400.0,2020/12/19,0,0,0,0,0,0,0,0
1608937200.0,2020/12/26,0,0,0,0,0,0,0,0
1609542000.0,2021/01/02,0,0,0,0,0,0,0,0
1610146800.0,2021/01/09,0,0,0,0,0,0,0,0
1610751600.0,2021/01/16,0,0,0,0,0,0,0,0
1611356400.0,2021/01/23,0,0,0,0,0,0,0,0
1611961200.0,2021/01/30,0,0,0,0,0,0,0,0
1612566000.0,2021/02/06,0,0,0,0,0,0,0,0
1613170800.0,2021/02/13,0,0,0,0,0,0,0,0
1613775600.0,2021/02/20,0,0,0,0,0,0,0,0
1614380400.0,2021/02/27,0,0,0,0,0,0,0,0
1614985200.0,2021/03/06,0,0,0,0,0,0,0,0
1615590000.0,2021/03/13,0,0,0,0,0,0,0,0
1616194800.0,2021/03/20,0,0,0,0,0,0,0,0
1616799600.0,2021/03/27,0,0,0,0,0,0,0,0
1617404400.0,2021/04/03,0,0,0,0,0,0,0,0
1618009200.0,2021/04/10,0,0,0,0,0,0,0,0
1618614000.0,2021/04/17,0,0,0,0,0,0,0,0
1619218800.0,2021/04/24,0,0,0,0,0,0,0,0
1619823600.0,2021/05/01,0,0,0,0,0,0,0,0
1620428400.0,2021/05/08,0,0,0,0,0,0,0,0
1621033200.0,2021/05/15,0,0,0,0,0,0,0,0
1621638000.0,2021/05/22,0,0,0,0,0,0,0,0
1622242800.0,2021/05/29,0,0,0,0,0,0,0,0
